contexte gauche	mot cible	contexte_droite
mation on 	covid	-19 and ou
racker of 	covid	-19 vaccin
](https://	covid	.cdc.gov/c
d.cdc.gov/	covid	-data-trac
ns)[World 	covid	-19 Vaccin
021/world/	covid	-vaccinati
mation on 	covid	-19 and ou
racker of 	covid	-19 vaccin
](https://	covid	.cdc.gov/c
d.cdc.gov/	covid	-data-trac
ns)[World 	covid	-19 Vaccin
021/world/	covid	-vaccinati
mation on 	covid	-19 and ou
racker of 	covid	-19 vaccin
](https://	covid	.cdc.gov/c
d.cdc.gov/	covid	-data-trac
ns)[World 	covid	-19 Vaccin
021/world/	covid	-vaccinati
ause Long 	covid	 in acute 
 in acute 	covid	 cases rem
t of Long 	covid	 on patien
ith acute 	covid	 in the Na
hout Long 	covid	 based on 
ping Long 	covid	 from a ca
 of acute 	covid	. Multi-va
with Long 	covid	. This stu
,500acute 	covid	 patients.
oped Long 	covid	 fromICD d
 withLong 	covid	. Mean age
with Long 	covid	 was 52 (3
 an acute 	covid	 cohort. W
that Long 	covid	 had a mor
As the 	covid	-19 pandem
ts of the 	covid	-19 clinic
mind. The 	covid	-Netsystem
 dataset, 	covid	-Net deepn
twork for 	covid	-19 patien
tion, and 	covid	-Net S dee
oring for 	covid	-19 positi
ithin the 	covid	-Net syste
th is the 	covid	-19 outbre
scans,few 	covid	-19 image 
growth of 	covid	-19-releva
e present 	covid	-19-CT-CXR
cation of 	covid	-19 and no
9 and non-	covid	-19CT. (2)
gnosis of 	covid	-19, influ
r fromnon-	covid	-19 CXR an
to detect 	covid	-19 CXR. (
ndings of 	covid	-19 vs. th
is of the 	covid	-19 pandem
/ncbi-nlp/	covid	-19-CT-CXR
e propose 	covid	-Net UV, a
nsducers. 	covid	-Net UV co
cases for 	covid	-19 cases.
goal with 	covid	-Net UV is
ection of 	covid	-19 positi
arance of 	covid	-19 in lat
ate 2019, 	covid	-19 has be
topics is 	covid	-19 analys
 are set: 	covid	-19 Detect
cans. For 	covid	-19 detect
odels for 	covid	-19 severi
d 16% for 	covid	-19 detect
ction and 	covid	-19 severi
entage of 	covid	-19 surviv
wn asLong 	covid	 or post-a
t to Long 	covid	 is challe
most Long 	covid	 articles 
e is Long 	covid	, and (3) 
 (3) Long 	covid	 is associ
 The Long 	covid	 collectio
The 	covid	-19 pandem
impact of 	covid	-19 onvari
 913 post-	covid	-19 patien
ring from 	covid	-19 and le
e of post-	covid	-19 patien
ration of 	covid	-19 illnes
ms inpost-	covid	-19 care, 
uences of 	covid	-19 on GI 
mptoms in 	covid	-19 surviv
Keywords: 	covid	-19,gastro
ors, post-	covid	-19care, l
are, long 	covid	.
es of the 	covid	-19 pandem
opment of 	covid	-19 softwa
gation of 	covid	-19. Bugs 
. Bugs in 	covid	-19 softwa
uality of 	covid	-19 softwa
elated to 	covid	-19. Metho
en source 	covid	-19 softwa
torage of 	covid	-19 data. 
elated to 	covid	-19, and (
 disease (	covid	-19) is a 
ntly, new 	covid	-19variant
cation of 	covid	-19 lung a
cation of 	covid	-19 lung l
penaccess 	covid	-19 CT seg
 proposed 	covid	-Rate fram
ethat the 	covid	-Rate mode
y segment 	covid	-19 lesion
es of the 	covid	-Rate mode
, COFFEE (	covid	-19 Foreca
 cases of 	covid	-19 has le
detecting 	covid	-19 as wel
mely, Non-	covid	, Severe C
D, Severe 	covid	,and Non-S
on-Severe 	covid	, out of w
on-Severe 	covid	 category 
of Severe 	covid	 category.
on-Severe 	covid	-19images 
or Severe 	covid	-19 images
ts detect 	covid	-19 and th
ase 2019 (	covid	-19) cause
atment of 	covid	-19, the u
ing ofthe 	covid	-19 target
introduce 	covid	-19 Dockin
esbetween 	covid	-19 target
iction of 	covid	-19 target
overy for 	covid	-19.
onavirus (	covid	-19). Almo
 cases of 	covid	-19. The i
cting the 	covid	-19. Sever
ection of 	covid	-19 using 
ection of 	covid	-19 and th
ection of 	covid	-19 such a
caused by 	covid	-19 or due
The 	covid	-19 epidem
ews about 	covid	-19 is spr
ombat the 	covid	-19 fake n
ataset MM-	covid	(Multiling
mensional 	covid	-19Fake Ne
sis of MM-	covid	 from diff
ity of MM-	covid	 in severa
ations of 	covid	-19 fake n
 disease (	covid	-19) is a 
alysis of 	covid	-19. Howev
annotated 	covid	-19 datase
ublic non-	covid	 lung lesi
e related 	covid	-19segment
 from non-	covid	 lesionsfo
efficient 	covid	-19 CT lun
tiple non-	covid	 lesions, 
 based on 	covid	-19 infect
tation of 	covid	-19 infect
h limited 	covid	-19 data, 
t against 	covid	-19 in the
ed to the 	covid	-19 pandem
ion about 	covid	-19 and ho
elated to 	covid	-19.In thi
esent CML-	covid	, a COVID-
-COVID, a 	covid	-19 Twitte
onavirus, 	covid	 and mask 
elated to 	covid	-19 we col
ase 2019 (	covid	-19) has e
ithms for 	covid	-19 diagno
criminate 	covid	-19 pneumo
 accurate 	covid	-19 detect
criminate 	covid	-19 pneumo
e largest 	covid	-19 CXR da
ding 4603 	covid	-19 sample
ed by the 	covid	-19 pandem
gement of 	covid	-19 positi
ty due to 	covid	-19 infect
degree of 	covid	-19 lung d
 proposed 	covid	-Net CT-S 
racterize 	covid	-19severit
 that the 	covid	-19 pandem
ty of non-	covid	-19 care. 
dersunder 	covid	-19 pressu
 such non-	covid	-19 relate
l for non-	covid	-19 reason
4,003 non 	covid	-19 excess
As the 	covid	-19 spread
riants of 	covid	-19 keepoc
ecasts of 	covid	-19 hospit
 surge of 	covid	-19pandemi
ate-level 	covid	-19 new ho
aging the 	covid	-19 relate
pture new 	covid	-19 varian
asizes on 	covid	-19 and pa
ed to the 	covid	-19 pandem
growth of 	covid	-19 public
ge of the 	covid	-19 pandem
elated to 	covid	-19 are al
ng of the 	covid	-19 pandem
 the post-	covid	-19 effect
of severe 	covid	-19 infect
ed severe 	covid	-19symptom
ontracted 	covid	-19 or had
of severe 	covid	-19 infect
d by post-	covid	-19fertili
om severe 	covid	-19.
ection of 	covid	-19 and di
ding 1077 	covid	-19 patien
d 927/100 	covid	-19, 388/3
icationof 	covid	-19 used i
rentiated 	covid	-19 via 3D
atures of 	covid	-19 are pe
zation of 	covid	-19 in the
on across 	covid	-19 andcon
 from non-	covid	-19pneumon
rlap with 	covid	-19, as we
ases. Non-	covid	-19 classi
riminates 	covid	-19 from o
agnosisof 	covid	-19.
ing based 	covid	-19 cough 
criminate 	covid	-19 positi
from both 	covid	-19 negati
estive of 	covid	-19. The d
ntains 92 	covid	-19 positi
ntains 18 	covid	-19positiv
ve and 26 	covid	-19 negati
cate that 	covid	-19 positi
 than non-	covid	 coughs. D
 identify 	covid	-19 coughs
tween the 	covid	-19 positi
tween the 	covid	-19 positi
itive and 	covid	-19 negati
n-contact 	covid	-19 screen
images of 	covid	 patients.
ormal and 	covid	 patientsi
 to as DL-	covid	 and DL-No
L-Normfor 	covid	-19 and no
To detect 	covid	 lesions, 
ge of the 	covid	 patient i
by the DL-	covid	 and DL-No
iliarwith 	covid	 infection
an the DL-	covid	. Hence, t
aps ofthe 	covid	 infection
om the DL-	covid	 and DL-No
ion of 50 	covid	-19 CT ima
ormal and 	covid	 patients 
roach for 	covid	-19 infect
k time of 	covid	-19, compu
iagnosing 	covid	-19 patien
available 	covid	-19 CT dat
ethods of 	covid	-19 basedo
ataset -- 	covid	-CT,which 
tains 349 	covid	-19 CT ima
d 463 non-	covid	-19CTs. Th
 treating 	covid	-19 patien
models of 	covid	-19.Using 
UCSD-AI4H/	covid	-CT
tbreak of 	covid	-19 disrup
's newest 	covid	-19hot spo
sting for 	covid	-19 cases 
model for 	covid	-19 cases 
 with the 	covid	-19 datafr
ission of 	covid	-19.The re
ancing on 	covid	-19 casesa
spread of 	covid	-19 in Ari
models on 	covid	-19 predic
ared with 	covid	-19 apps. 
jority of 	covid	-19 apps. 
andled in 	covid	-19 apps t
st of the 	covid	-19 apps a
uninstall 	covid	-19 apps m
ple about 	covid	-19 app be
nderstand 	covid	-19 appsan
Moreover, 	covid	-19 apps n
cation of 	covid	-19 on che
gnosis of 	covid	-19 are no
e present 	covid	-view, avi
iagnosis. 	covid	-view inco
/negative 	covid	-19 cases,
ist using 	covid	-view and 
evaluated 	covid	-view thro
scans for 	covid	-19, pulmo
gnosis of 	covid	-19 that m
2 and the 	covid	-19 illnes
alysis of 	covid	-19 resear
r 166,000 	covid	-19-relate
ration in 	covid	-19 resear
re to non-	covid	-19 contro
 theirnon-	covid	-19 counte
 findthat 	covid	-19 resear
ting that 	covid	-19 has he
cted with 	covid	-19 have n
pediatric 	covid	-19 patien
pediatric 	covid	-19 patien
 risk for 	covid	-19 patien
 risk for 	covid	-19 infect
pediatric 	covid	-19 patien
Pediatric 	covid	-19 Data C
pediatric 	covid	-19 patien
As the 	covid	-19 pandem
design of 	covid	-Net Assis
tions for 	covid	-19 by ana
eferto as 	covid	-Net Assis
42 from a 	covid	-19 negati
 with the 	covid	-Net Assis
ence. The 	covid	-Net Assis
rough the 	covid	-Net open 
Detecting 	covid	-19 from c
detecting 	covid	-19. Howev
s between 	covid	-19 and ot
-accuracy 	covid	-19 detect
atures of 	covid	-19 andthe
s between 	covid	-19 and ot
improving 	covid	-19 detect
wo public 	covid	-19 CXR da
promising 	covid	-19 detect
ase 2019 (	covid	-19) has b
caused by 	covid	-19. As a 
cation of 	covid	-19 infect
 multiple 	covid	-19 infect
ms of the 	covid	-19. With 
tation of 	covid	-19Chest C
gnosis of 	covid	-19 lung i
ic, i.e., 	covid	-19, has s
ng, e.g., 	covid	-19infecte
available 	covid	-19 traini
efficient 	covid	-19 segmen
rehensive 	covid	-19 segmen
As the 	covid	-19 virus 
elated to 	covid	-19 also g
gate such 	covid	-19 misinf
rs combat 	covid	-19 health
ent CoAID(	covid	-19 heAlth
h diverse 	covid	-19 health
sts about 	covid	-19, andgr
ak of the 	covid	-19 pandem
about the 	covid	-19 crisis
round the 	covid	-19researc
 of 6,162 	covid	-19-relate
ns around 	covid	-19-relate
ntions of 	covid	-19-relate
utputs on 	covid	-19, with 
t against 	covid	-19 pandem
s) of the 	covid	-19 and no
9 and non-	covid	-19samples
different 	covid	-19 cough 
t between 	covid	-19 andnon
19 andnon-	covid	-19 sample
voices of 	covid	-19 patien
images of 	covid	-19against
onia, non-	covid	-19 viral 
onia, and 	covid	-19. To id
 accurate 	covid	-19 detect
models on 	covid	-19identif
crease on 	covid	-19identif
e manypre-	covid	 forecasti
w and use 	covid	 indicator
ls to 'de-	covid	' the data
vered and 	covid	 uncertain
 modeling 	covid	 and treat
hose to a 	covid	 shock whi
ling post-	covid	.
 of 2019, 	covid	-19 has be
itive for 	covid	-19, manyo
elated to 	covid	-19. There
impact of 	covid	-19 is to 
e the`pre-	covid	-19' perio
the `post-	covid	-19' perio
ng of the 	covid	-19 outbre
lation to 	covid	-19 sentim
ionto the 	covid	-19 pandem
impact of 	covid	-19 is to 
ship that 	covid	-19has wit
onship to 	covid	-19 sentim
The 	covid	-19 outbre
 impactof 	covid	-19 on wor
 impactof 	covid	-19 on sci
find that 	covid	-relatedre
elated to 	covid	-19 andtha
he recent 	covid	-19 Identi
eech 2021 	covid	-19 diagno
vidual is 	covid	-positiveo
ositiveor 	covid	-negative 
at binary 	covid	-19 diagno
 both the 	covid	-19 Cougha
pture the 	covid	-19develop
asting of 	covid	 19 govern
namics of 	covid	 19 were e
he DRRNNs 	covid	-19 predic
real time 	covid	-19predict
h rate of 	covid	-19 cases,
he OxCGRT 	covid	-19 String
 that the 	covid	-19 datase
he OxCGRT 	covid	-19 String
bservable 	covid	-19 dynami
rden from 	covid	-19.Finall
ghout the 	covid	-19 pandem
ct of the 	covid	-19 pandem
show that 	covid	-19 has ha
ty during 	covid	. However,
ct during 	covid	. Unfortun
ve during 	covid	, the leve
 men. Pre-	covid	, female a
s. During 	covid	, no singl
se called 	covid	-19 mainly
y system. 	covid	-19 is an 
where the 	covid	-19 virus 
ntify the 	covid	-19 in an 
ifyingthe 	covid	-19 diseas
automated 	covid	-19 identi
e current 	covid	-19 pandem
cation of 	covid	-19 is a c
iagnosing 	covid	-19 isReve
entifying 	covid	-19in an e
istics of 	covid	-19. Resea
ectivefor 	covid	-19 CT ima
etect the 	covid	-19 diseas
number of 	covid	-19 resear
ening and 	covid	-19 domain
olutions, 	covid	-19 litera
nswering. 	covid	-19literat
 matching 	covid	-19 litera
uery, and 	covid	-19 questi
 specific 	covid	-19 relate
n as Long 	covid	. Anumber 
number of 	covid	 patients 
n of Long 	covid	, efforts 
n of Long 	covid	 couldplay
diagnosed 	covid	 positive 
 (GAMs)to 	covid	-19 mortal
 impacted 	covid	-19mortali
uities in 	covid	-19 mortal
burden of 	covid	-19 mortal
	covid	-19 misinf
 on tweet 	covid	-19 misinf
t a novel 	covid	-19 misinf
coder and 	covid	-19 misinf
 contains 	covid	-19 misinf
t and our 	covid	-19 misinf
et of the 	covid	-HeRA data
Long 	covid	 is a gene
quelae of 	covid	-19. Patie
with long 	covid	 can endur
ations in 	covid	-19 could 
t of long 	covid	.
	covid	-19's rapi
e disease.	covid	-19 takes 
rk on the 	covid	-19 databa
es named (	covid	-QF) forCO
 database,	covid	-QF uses H
park. The 	covid	-QF consis
-19 data (	covid	-19-Mergin
-Merging, 	covid	-19-inside
Hubei and 	covid	-19-ex-Hub
ityof the 	covid	-QF framew
The 	covid	-19 pandem
ncepts of 	covid	-19 from f
ccelerate 	covid	-19 clinic
cklybuild 	covid	-19 SignSy
n extract 	covid	-19 signs/
build the 	covid	-19 SignSy
 notes of 	covid	-19patient
logues of 	covid	-19, shows
19, shows 	covid	-19Sign-Sy
ort time. 	covid	-19 SignSy
p.uth.edu/	covid	/nlp.php) 
search of 	covid	-19.
The 	covid	-19 pandem
ntroduced 	covid	-Net CT, a
ection of 	covid	-19 cases 
en source 	covid	-Net initi
introduce 	covid	-Net CT-2,
works for 	covid	-19 detect
aviour of 	covid	-Net CT-2,
vely. The 	covid	-Net CT-2 
accuracy, 	covid	-19sensiti
hows that 	covid	-Net CT-2'
ter-aided 	covid	-19assessm
elease of 	covid	-Net CT-2 
onavirus (	covid	-19) is an
us called 	covid	-19 or 201
ion about 	covid	-19 is pro
rding the 	covid	-19 strike
me of the 	covid	-19 pandem
ions that 	covid	-19 has ma
ase 2019 (	covid	-19) has s
 used for 	covid	-19 diagno
 Chest XR 	covid	-19 detect
 classes: 	covid	-19, Pneum
The 	covid	-19 pandem
resents a 	covid	-19 calcul
pact of a 	covid	-19 AI/ML 
sting for 	covid	-19 has be
iagnosing 	covid	-19 diseas
X-rays of 	covid	-19 andove
ed on 102 	covid	-19 cases 
20 unseen 	covid	-19 cases 
ocess the 	covid	-19 cases 
ize. More 	covid	-19 case i
iagnosing 	covid	-19 (sople
crease in 	covid	-19 patien
 possible 	covid	-19 infect
elihoodof 	covid	 with a fa
etect the 	covid	-19 patien
CovidAID: 	covid	-19 AI Det
available 	covid	-chestxray
) for the 	covid	-19 infect
esults of 	covid	-Net [10] 
n between 	covid	-19 pneumo
onia, non-	covid	-19pneumon
images of 	covid	-19 pneumo
ents, non-	covid	-19 pneumo
onia, non-	covid	-19 pneumo
ource for 	covid	-19 resear
nying the 	covid	-19 pandem
ategorise 	covid	-19 disinf
tion. The 	covid	-19disinfo
 kinds of 	covid	-19 disinf
fectively 	covid	-19 disinf
igned for 	covid	-19 disinf
alysis of 	covid	-19 disinf
The 	covid	-19 pandem
antifying 	covid	-19complex
hs of the 	covid	-19 pandem
eenduring 	covid	-19 incuba
lihood of 	covid	-19prevale
 existing 	covid	-19 models
nt during 	covid	-19 contag
arsity of 	covid	-19observa
he public 	covid	-19 case d
sease-19 (	covid	-19). Due 
tbreak of 	covid	-19worldwi
nique for 	covid	-19classif
S-DF) for 	covid	-19 classi
 with the 	covid	-19 classi
AFS-DF on 	covid	-19 datase
tients of 	covid	-19 and 10
ts on the 	covid	-19 datase
rmance in 	covid	-19 vs. CA
ase 2019 (	covid	-19). This
m fact of 	covid	-19 is, it
verity of 	covid	-19 resear
alysis of 	covid	-19, to di
on by the 	covid	-19. In or
spread of 	covid	-19, it is
d rate of 	covid	-19 in a p
ates that 	covid	-19 is gra
	covid	-19 has sp
realistic 	covid	-19 images
-enhanced 	covid	-19 detect
 the real 	covid	-19 data d
realistic 	covid	-19 images
federated 	covid	-19 data a
or secure 	covid	-19 dataan
roach for 	covid	-19 detect
As 	covid	-19 pandem
 death of 	covid	-19, causi
reaks and 	covid	-19 waves 
uenza and 	covid	-19 foreca
uenza and 	covid	-19 activi
uenza and 	covid	-19 diseas
e flu and 	covid	 co-exist.
ning from 	covid	-related o
uring the 	covid	-19 pandem
iagnosing 	covid	-19 patien
ccessible 	covid	-19 CT ima
I-powered 	covid	-19 diagno
 negative 	covid	-19. The H
al to aid 	covid	-19 resear
Keywords: 	covid	-19, CT sc
istics of 	covid	-19 in dif
models of 	covid	-19 are ca
bility of 	covid	-19 model 
 that the 	covid	-19-free e
meansthat 	covid	-19 will d
 out; the 	covid	-19 equili
eans that 	covid	-19 will b
ations of 	covid	-19 cases 
The 	covid	-19 pandem
" as ""long "	covid	"."" Thisstu"
n509 post-	covid	-19 patien
t in long 	covid	 patients.
following 	covid	-19 infect
that long 	covid	 is associ
from long 	covid	-19. Thisr
f thepost-	covid	-19 immune
t of long 	covid	 patients.
n of Post-	covid	-19 Fatigu
 from the 	covid	-19pandemi
mic. Post-	covid	-19 Fatigu
ered from 	covid	-19 infect
ms inpost-	covid	-19 patien
ontext of 	covid	-19 recove
rrounding 	covid	-19-relate
tion,Post-	covid	-19 Fatigu
althcare, 	covid	-19Recover
The 	covid	-19 pandem
introduce 	covid	-Net, a de
ection of 	covid	-19 cases 
nowledge, 	covid	-Net is on
signs for 	covid	-19 detect
available 	covid	-19 positi
igate how 	covid	-Net makes
ated with 	covid	 cases, wh
lso audit 	covid	-Net in a 
en access 	covid	-Net, alon
detecting 	covid	-19 cases 
ase 2019 (	covid	-19) has b
cation of 	covid	-19 positi
"to as the"""	covid	"-FACT"". CO"
"ID-FACT"". "	covid	-FACT util
 proposed 	covid	-FACT inde
IDand non-	covid	 cases. CO
ID cases. 	covid	-FACT dete
spositive 	covid	-19 cases 
ontaining 	covid	-19,commun
periments,	covid	-FACT achi
 break of 	covid	-19 pandem
number of 	covid	-19 patien
l undergo 	covid	-19test, w
to detect 	covid	-19 is RT-
 healthy, 	covid	-19 and No
ively. 87 	covid	-19 patien
ly screen 	covid	-19 from t
oduced by 	covid	-19 patien
mptomatic 	covid	-19patient
ase 2019 (	covid	-19) has a
lobe.Most 	covid	-19 patien
annotated 	covid	-19 data, 
tics with 	covid	-19and man
umonia to 	covid	-19. There
monia and 	covid	-19. Toadd
ethod for 	covid	-19diagnos
s, namely 	covid	-DA. Speci
this way, 	covid	-DA is abl
number of 	covid	-19 annota
veness of 	covid	-DA and it
ssment of 	covid	-19. Radio
lementary 	covid	-19 diagno
ramework (	covid	-MTL) that
ssment of 	covid	-19. COVID
COVID-19. 	covid	-MTL learn
different 	covid	-19 tasks 
CT scans, 	covid	-MTL was t
99 cases. 	covid	-MTL achie
ection of 	covid	-19 agains
eanwhile, 	covid	-MTL yield
verity of 	covid	-19.
 pandemic 	covid	-19 in Wuh
to detect 	covid	-19infecte
nd global 	covid	-19 specif
n between 	covid	-19-specif
nd phase, 	covid	-19 infect
d analyze 	covid	-19 infect
 proposed 	covid	-CB-RESeg 
es of the 	covid	-19 infect
% for the 	covid	-19 infect
 accurate 	covid	-19 diagno
ase 2019 (	covid	-19) has i
atment of 	covid	-19. Howev
ated with 	covid	-19 are co
ection of 	covid	-19literat
dings and 	covid	-19. We ap
y tied to 	covid	-19.
ndemic of 	covid	-19, the u
image for 	covid	-19 diagno
re of the 	covid	-19pandemi
eters for 	covid	-19 diagno
seful for 	covid	-19 diagno
ase 2019 (	covid	-19) in th
tionabout 	covid	-19 at a g
s against 	covid	-19 or oth
elated to 	covid	-19, consi
elated to 	covid	-19.
ease 2019(	covid	-19) spots
 numberof 	covid	-19 cases 
amine the 	covid	-19situati
atasetson 	covid	-19 cases 
herefore, 	covid	-19 epidem
se of new 	covid	-19 casesm
e ongoing 	covid	-19 pandem
exist for 	covid	-19, the g
gscans of 	covid	-19 infect
xplore as 	covid	-19 is a n
s between 	covid	-19 andoth
	covid	-19 (coron
gnosis of 	covid	-19 is don
table and 	covid	-19 diagno
 classes (	covid	-19, Asthm
es of non-	covid	-19 coughs
ase 2019 (	covid	-19), we b
synthetic 	covid	-19 chest 
ements on 	covid	-19 detect
on to the 	covid	-19 detect
synthetic 	covid	-19 chest 
ainst the 	covid	-19 pandem
ak of the 	covid	-19 pandem
 However, 	covid	-19 themed
ps combat 	covid	-19 in pra
 to study 	covid	-19 themed
 over 67K 	covid	-19 themed
rt of the 	covid	-19 pandem
spread of 	covid	-19.In thi
licies on 	covid	-19 cases 
bility of 	covid	-19 tests,
bility of 	covid	-19 tests 
ansion of 	covid	-19 testin
decreased 	covid	-19 cases.
t role in 	covid	-19 identi
termining 	covid	-19 infect
to detect 	covid	-19. Feder
rning for 	covid	-19 data t
ing about 	covid	-19.
ts of the 	covid	-19pandemi
crease in 	covid	-19 cases 
crease in 	covid	-19cases a
number of 	covid	-19 cases.
number of 	covid	-19 deaths
ates that 	covid	-19 is a f
e present 	covid	-SEE, a sy
stem over 	covid	-19 litera
ormation. 	covid	-SEE is av
at http://	covid	-see.com.
namics of 	covid	-19. The o
dynamics, 	covid	-19 cases 
gest that 	covid	-19 cases 
ugh a few 	covid	-19 relate
latility, 	covid	-19 cases 
spread of 	covid	-19, and G
The 	covid	-19 pandem
es to new 	covid	-19 cases,
ility and 	covid	-19 unique
e wake of 	covid	-19. The s
the first 	covid	-19 case i
t wave of 	covid	-19cases, 
 virus or 	covid	-19 is a p
ng of the 	covid	-19contami
nition of 	covid	-19 fromch
nition of 	covid	-19 from a
	covid	-19 is hav
search on 	covid	-19. In pa
) mapping 	covid	-19 resear
impact of 	covid	-19 onrese
search on 	covid	-19 has be
uences of 	covid	-19 is tak
ch during 	covid	-19 aremor
ase 2019 (	covid	-19) belon
 treating 	covid	-19.Theref
dates for 	covid	-19. We ob
ctive for 	covid	-19 relate
rials for 	covid	-19. The c
-XMU/HnDR-	covid	.
moking in 	covid	-19 patien
ents with 	covid	-19 andthe
le of1040 	covid	-19 patien
pitalized 	covid	-19 patien
nce among 	covid	-19 patien
cally ill 	covid	-19patient
The 	covid	-19 pandem
including 	covid	 test befo
rmal (pre-	covid	) routiner
e current 	covid	 vaccinati
 proof of 	covid	 vaccinati
ain-based 	covid	 vaccinati
